Metric,Value
Accuracy,0.7511111111111111
Precision,0.7209302325581395
Recall,0.41333333333333333
F1-score,0.5254237288135594
